Chunk #, JSON Bytes, JSON+DEFLATE_SPEED Bytes, JSON+DEFLATE_SPEED ms, JSON+DEFLATE_DEFAULT Bytes, JSON+DEFLATE_DEFAULT ms, JSON+DEFLATE_MAX Bytes, JSON+DEFLATE_MAX ms, ascii85 Bytes, DEFLATE_SPEED+ascii85 Bytes, DEFLATE_DEFAULT+ascii85 Bytes, DEFLATE_MAX+ascii85 Bytes, ascii85+DEFLATE_SPEED Bytes, ascii85+DEFLATE_DEFAULT Bytes, ascii85+DEFLATE_MAX Bytes, CBOR Bytes, CBOR+DEFLATE_SPEED Bytes, CBOR+DEFLATE_SPEED ms, CBOR+DEFLATE_DEFAULT Bytes, CBOR+DEFLATE_DEFAULT ms, CBOR+DEFLATE_MAX Bytes, CBOR+DEFLATE_MAX ms
1 , 322639 ,  169773 , 7 ,  163492 , 17 ,  163112 , 38 , 207938 ,  190863 ,  189780 ,  189934 ,  157388 ,  154458 ,  154296 ,  161331 ,  142552 , 5 ,  141978 , 8 ,  141942 , 20
2 , 322639 ,  169370 , 7 ,  163237 , 17 ,  162921 , 32 , 208102 ,  191119 ,  189917 ,  189940 ,  157527 ,  154481 ,  154286 ,  161331 ,  142817 , 5 ,  141851 , 8 ,  141794 , 19
3 , 322639 ,  169355 , 7 ,  163065 , 18 ,  162743 , 32 , 207776 ,  190769 ,  189547 ,  189381 ,  157397 ,  154515 ,  154354 ,  161331 ,  142598 , 5 ,  141672 , 8 ,  141605 , 19
4 , 322639 ,  169409 , 6 ,  162816 , 17 ,  162522 , 35 , 209974 ,  190429 ,  189071 ,  189296 ,  157450 ,  154376 ,  154230 ,  161331 ,  142286 , 6 ,  141578 , 12 ,  141515 , 20
5 , 322639 ,  168768 , 6 ,  162295 , 17 ,  161986 , 28 , 207798 ,  189920 ,  188422 ,  188102 ,  157452 ,  154604 ,  154430 ,  161331 ,  141831 , 5 ,  140838 , 8 ,  140788 , 18
6 , 322639 ,  168570 , 6 ,  161593 , 17 ,  161309 , 28 , 207964 ,  189883 ,  187648 ,  187825 ,  157494 ,  154511 ,  154355 ,  161331 ,  141872 , 5 ,  140286 , 8 ,  140184 , 19
7 , 322639 ,  168676 , 6 ,  161982 , 17 ,  161591 , 36 , 207825 ,  188938 ,  188163 ,  187842 ,  157330 ,  154416 ,  154248 ,  161331 ,  141404 , 5 ,  140571 , 8 ,  140495 , 22
8 , 322639 ,  168423 , 7 ,  161400 , 17 ,  161042 , 30 , 207821 ,  189470 ,  187391 ,  187413 ,  157530 ,  154599 ,  154412 ,  161331 ,  141749 , 5 ,  139977 , 8 ,  139826 , 20
9 , 1803751 ,  608976 , 27 ,  553897 , 63 ,  543451 , 122 , 1150906 ,  646052 ,  620514 ,  614034 ,  649312 ,  615041 ,  610322 ,  901887 ,  482566 , 18 ,  463944 , 28 ,  459115 , 113
10 , 3823521 ,  1047632 , 47 ,  912826 , 112 ,  886368 , 192 , 2443812 ,  1066981 ,  1002166 ,  982610 ,  1204397 ,  1114047 ,  1097756 ,  1911772 ,  796824 , 29 ,  748244 , 49 ,  734369 , 231
11 , 2938989 ,  1016519 , 45 ,  925445 , 105 ,  909766 , 200 , 1860252 ,  1061154 ,  1019868 ,  1011490 ,  1093150 ,  1042425 ,  1036952 ,  1469506 ,  792405 , 30 ,  761760 , 44 ,  755462 , 187
12 , 3026883 ,  1076231 , 47 ,  976254 , 112 ,  959578 , 211 , 1917698 ,  1126186 ,  1082516 ,  1074925 ,  1160046 ,  1108461 ,  1103053 ,  1513453 ,  841410 , 32 ,  808657 , 47 ,  802982 , 188
13 , 2674709 ,  1005594 , 45 ,  923455 , 104 ,  910858 , 200 , 1681171 ,  1063420 ,  1028471 ,  1023828 ,  1057634 ,  1013735 ,  1010466 ,  1337366 ,  794871 , 31 ,  768452 , 46 ,  764592 , 157
14 , 2620941 ,  1031575 , 46 ,  950454 , 107 ,  938681 , 198 , 1647559 ,  1092191 ,  1059074 ,  1051758 ,  1064918 ,  1022138 ,  1019245 ,  1310482 ,  815530 , 32 ,  790658 , 45 ,  785939 , 156
15 , 2491641 ,  1032531 , 44 ,  960557 , 104 ,  950496 , 196 , 1559755 ,  1108131 ,  1077832 ,  1073969 ,  1042768 ,  1003840 ,  1001806 ,  1245832 ,  827289 , 31 ,  805472 , 43 ,  801911 , 147
16 , 2626267 ,  1076284 , 46 ,  1000453 , 109 ,  988726 , 204 , 1649993 ,  1156988 ,  1125830 ,  1119221 ,  1098608 ,  1057086 ,  1054291 ,  1313145 ,  863646 , 32 ,  841072 , 46 ,  835937 , 166
17 , 2589355 ,  1058231 , 45 ,  987765 , 109 ,  976928 , 196 , 1626758 ,  1138434 ,  1108104 ,  1101700 ,  1085409 ,  1043866 ,  1041481 ,  1294689 ,  850467 , 32 ,  827616 , 46 ,  823316 , 169
18 , 2605999 ,  1106923 , 52 ,  1033330 , 112 ,  1023686 , 206 , 1637859 ,  1185410 ,  1155886 ,  1149895 ,  1109534 ,  1069293 ,  1067210 ,  1303011 ,  885612 , 33 ,  863330 , 49 ,  859233 , 161
19 , 2863543 ,  1218022 , 52 ,  1132265 , 125 ,  1121805 , 239 , 1808703 ,  1289675 ,  1253639 ,  1246808 ,  1218907 ,  1174267 ,  1171250 ,  1431783 ,  962768 , 36 ,  935980 , 50 ,  931046 , 189
20 , 2980453 ,  1258216 , 54 ,  1166977 , 129 ,  1156056 , 268 , 1879118 ,  1318237 ,  1280608 ,  1272719 ,  1269640 ,  1224334 ,  1221272 ,  1490238 ,  984890 , 39 ,  956664 , 53 ,  951043 , 207
21 , 3251527 ,  1385491 , 62 ,  1284535 , 147 ,  1272590 , 335 , 2050679 ,  1414694 ,  1367955 ,  1355035 ,  1403703 ,  1353509 ,  1349672 ,  1625775 ,  1056551 , 41 ,  1021295 , 58 ,  1012128 , 266
22 , 3360209 ,  1426526 , 60 ,  1319585 , 148 ,  1306712 , 334 , 2124111 ,  1439892 ,  1391295 ,  1377793 ,  1435245 ,  1383067 ,  1378213 ,  1680116 ,  1075869 , 41 ,  1039681 , 58 ,  1029556 , 270
23 , 3378824 ,  1411846 , 60 ,  1302177 , 146 ,  1288994 , 324 , 2140424 ,  1412518 ,  1364872 ,  1350821 ,  1430464 ,  1375602 ,  1369915 ,  1689423 ,  1055215 , 42 ,  1019463 , 58 ,  1009103 , 261
24 , 3536092 ,  1478751 , 66 ,  1356965 , 153 ,  1342367 , 350 , 2235200 ,  1486453 ,  1435434 ,  1420681 ,  1513403 ,  1459119 ,  1454395 ,  1768057 ,  1110339 , 44 ,  1072138 , 60 ,  1061157 , 284
25 , 3731014 ,  1537738 , 65 ,  1405984 , 158 ,  1389643 , 358 , 2359644 ,  1516083 ,  1461646 ,  1443146 ,  1574490 ,  1518142 ,  1511620 ,  1865518 ,  1133317 , 42 ,  1092305 , 62 ,  1078672 , 305
26 , 3645590 ,  1529834 , 65 ,  1409186 , 157 ,  1394007 , 358 , 2311269 ,  1517144 ,  1460785 ,  1441963 ,  1543281 ,  1488460 ,  1481805 ,  1822806 ,  1133043 , 46 ,  1090809 , 65 ,  1077165 , 336
27 , 3695074 ,  1616385 , 67 ,  1500951 , 163 ,  1487449 , 361 , 2344893 ,  1608691 ,  1556960 ,  1540345 ,  1611238 ,  1555684 ,  1550954 ,  1847548 ,  1201548 , 45 ,  1163193 , 64 ,  1150460 , 287
28 , 3582090 ,  1600828 , 69 ,  1493773 , 163 ,  1482418 , 319 , 2275821 ,  1678790 ,  1633665 ,  1623528 ,  1588385 ,  1536498 ,  1532786 ,  1791056 ,  1254484 , 47 ,  1220825 , 64 ,  1213264 , 244
29 , 3294830 ,  1478048 , 62 ,  1380453 , 149 ,  1370313 , 277 , 2089255 ,  1578658 ,  1540577 ,  1534492 ,  1462303 ,  1415758 ,  1412906 ,  1647426 ,  1179687 , 44 ,  1151225 , 59 ,  1146193 , 206
30 , 3475062 ,  1553995 , 65 ,  1447600 , 156 ,  1436311 , 318 , 2202956 ,  1596105 ,  1549662 ,  1537744 ,  1533010 ,  1483368 ,  1480216 ,  1737542 ,  1191822 , 44 ,  1158159 , 61 ,  1149071 , 247
31 , 3396394 ,  1486961 , 62 ,  1375385 , 148 ,  1363014 , 313 , 2150616 ,  1542304 ,  1495205 ,  1482642 ,  1473072 ,  1423552 ,  1419286 ,  1698208 ,  1152074 , 44 ,  1116953 , 59 ,  1108212 , 241
32 , 3152052 ,  1422383 , 59 ,  1331136 , 142 ,  1321723 , 277 , 1992854 ,  1499270 ,  1461139 ,  1453401 ,  1381194 ,  1336136 ,  1333242 ,  1576037 ,  1120246 , 42 ,  1091682 , 56 ,  1085845 , 199
33 , 3104920 ,  1416717 , 62 ,  1327589 , 141 ,  1318401 , 275 , 1965829 ,  1492595 ,  1457364 ,  1449650 ,  1366634 ,  1322866 ,  1319801 ,  1552471 ,  1114562 , 42 ,  1088558 , 56 ,  1082728 , 201
34 , 3015352 ,  1393001 , 57 ,  1312970 , 141 ,  1304810 , 260 , 1905929 ,  1485523 ,  1452084 ,  1446162 ,  1341500 ,  1299300 ,  1297057 ,  1507687 ,  1109385 , 42 ,  1084839 , 55 ,  1080305 , 182
35 , 3009046 ,  1394849 , 62 ,  1314098 , 147 ,  1306458 , 260 , 1901843 ,  1509035 ,  1478054 ,  1474372 ,  1339335 ,  1297571 ,  1295718 ,  1504534 ,  1126875 , 51 ,  1103663 , 66 ,  1100396 , 182
36 , 3065502 ,  1402623 , 60 ,  1318680 , 160 ,  1309931 , 315 , 1937871 ,  1507445 ,  1473552 ,  1467737 ,  1363782 ,  1321297 ,  1319011 ,  1532762 ,  1125884 , 44 ,  1100452 , 57 ,  1095842 , 194
37 , 3009186 ,  1373662 , 59 ,  1292985 , 145 ,  1284364 , 281 , 1901234 ,  1478218 ,  1446794 ,  1441489 ,  1335331 ,  1293715 ,  1291580 ,  1504604 ,  1104118 , 44 ,  1080833 , 64 ,  1076687 , 210
38 , 2919496 ,  1325696 , 56 ,  1246878 , 138 ,  1238111 , 244 , 1844690 ,  1423039 ,  1392929 ,  1385145 ,  1294969 ,  1253340 ,  1251266 ,  1459759 ,  1062970 , 41 ,  1040050 , 54 ,  1035389 , 174
39 , 2862942 ,  1316080 , 56 ,  1241308 , 136 ,  1233013 , 251 , 1804023 ,  1425168 ,  1396776 ,  1391323 ,  1262274 ,  1220798 ,  1218928 ,  1431482 ,  1064635 , 42 ,  1043082 , 54 ,  1039339 , 185
40 , 2762052 ,  1246903 , 53 ,  1173521 , 129 ,  1164475 , 241 , 1737375 ,  1351088 ,  1323541 ,  1316696 ,  1210669 ,  1170063 ,  1167968 ,  1381037 ,  1009031 , 39 ,  987952 , 53 ,  983621 , 196
41 , 2911988 ,  1327946 , 55 ,  1251744 , 136 ,  1242638 , 269 , 1832221 ,  1447691 ,  1419583 ,  1413540 ,  1286602 ,  1243644 ,  1241777 ,  1456005 ,  1081667 , 43 ,  1059721 , 54 ,  1055566 , 202
42 , 3140116 ,  1430485 , 60 ,  1345730 , 147 ,  1335958 , 300 , 1977961 ,  1503924 ,  1468157 ,  1460516 ,  1382479 ,  1335027 ,  1332814 ,  1570069 ,  1123698 , 42 ,  1096432 , 59 ,  1091549 , 210
43 , 2883058 ,  1318230 , 55 ,  1244035 , 132 ,  1234870 , 256 , 1817139 ,  1435598 ,  1403355 ,  1398846 ,  1280138 ,  1237869 ,  1235929 ,  1441540 ,  1072752 , 40 ,  1048717 , 54 ,  1044721 , 174
44 , 3022372 ,  1361056 , 57 ,  1279034 , 137 ,  1268829 , 274 , 1905209 ,  1473271 ,  1438101 ,  1430946 ,  1331187 ,  1286842 ,  1284417 ,  1511197 ,  1100431 , 42 ,  1074824 , 56 ,  1069438 , 196
45 , 3161080 ,  1419669 , 60 ,  1326666 , 142 ,  1315504 , 284 , 1997168 ,  1530429 ,  1492558 ,  1483261 ,  1397637 ,  1351995 ,  1349086 ,  1580551 ,  1142910 , 44 ,  1115010 , 58 ,  1108262 , 213
46 , 3280642 ,  1485884 , 67 ,  1394496 , 155 ,  1382950 , 335 , 2070965 ,  1555681 ,  1516051 ,  1502437 ,  1447535 ,  1398852 ,  1395494 ,  1640332 ,  1162352 , 44 ,  1132636 , 60 ,  1122829 , 241
47 , 3305282 ,  1497090 , 63 ,  1403625 , 151 ,  1392377 , 338 , 2084347 ,  1573629 ,  1533503 ,  1522575 ,  1454399 ,  1406412 ,  1403367 ,  1652652 ,  1175448 , 46 ,  1145723 , 62 ,  1137424 , 249
48 , 3223558 ,  1467430 , 65 ,  1375587 , 152 ,  1364976 , 319 , 2034105 ,  1551840 ,  1514002 ,  1503210 ,  1418220 ,  1370582 ,  1367490 ,  1611790 ,  1159087 , 44 ,  1131100 , 60 ,  1123582 , 241
49 , 3287772 ,  1439865 , 61 ,  1340667 , 146 ,  1329287 , 314 , 2069745 ,  1517087 ,  1476669 ,  1465077 ,  1421688 ,  1372110 ,  1368587 ,  1643897 ,  1133020 , 43 ,  1102917 , 59 ,  1094097 , 240
50 , 3288320 ,  1438848 , 63 ,  1337881 , 145 ,  1326650 , 309 , 2069969 ,  1499984 ,  1459603 ,  1448658 ,  1422475 ,  1373498 ,  1370208 ,  1644171 ,  1120185 , 44 ,  1089976 , 58 ,  1082121 , 229
51 , 3571984 ,  1485682 , 64 ,  1364253 , 152 ,  1351046 , 312 , 2254576 ,  1562053 ,  1510288 ,  1502168 ,  1499795 ,  1443883 ,  1439819 ,  1786003 ,  1167026 , 44 ,  1128042 , 61 ,  1121792 , 222
52 , 4020414 ,  1745606 , 75 ,  1619250 , 182 ,  1606069 , 430 , 2544385 ,  1761902 ,  1710426 ,  1697761 ,  1755091 ,  1697034 ,  1692736 ,  2010218 ,  1315833 , 50 ,  1277705 , 72 ,  1268151 , 297
53 , 3983428 ,  1714299 , 75 ,  1588876 , 179 ,  1575932 , 426 , 2525873 ,  1812090 ,  1762784 ,  1752014 ,  1708976 ,  1648105 ,  1642911 ,  1991725 ,  1353670 , 53 ,  1317078 , 74 ,  1309415 , 300
54 , 3792552 ,  1682192 , 75 ,  1578922 , 178 ,  1567708 , 451 , 2399000 ,  1753559 ,  1709104 ,  1699229 ,  1658125 ,  1605117 ,  1601089 ,  1896287 ,  1309179 , 52 ,  1276650 , 71 ,  1269409 , 305
55 , 3962828 ,  1768431 , 74 ,  1657269 , 183 ,  1645807 , 445 , 2506859 ,  1803243 ,  1759781 ,  1748374 ,  1730755 ,  1675843 ,  1671040 ,  1981425 ,  1347076 , 51 ,  1314713 , 72 ,  1306149 , 316
56 , 3999490 ,  1667262 , 72 ,  1533177 , 169 ,  1516908 , 384 , 2536797 ,  1757626 ,  1700206 ,  1688284 ,  1692377 ,  1630394 ,  1623652 ,  1999756 ,  1313162 , 50 ,  1270719 , 71 ,  1261127 , 295
57 , 3280478 ,  1389827 , 58 ,  1287903 , 143 ,  1276318 , 302 , 2074719 ,  1478372 ,  1433455 ,  1424937 ,  1409297 ,  1359678 ,  1356164 ,  1640250 ,  1103742 , 42 ,  1070011 , 58 ,  1064456 , 207
58 , 3268638 ,  1404863 , 59 ,  1307216 , 165 ,  1294807 , 276 , 2067939 ,  1513508 ,  1473907 ,  1464012 ,  1410840 ,  1362217 ,  1358417 ,  1634330 ,  1130029 , 43 ,  1100584 , 59 ,  1094042 , 203
59 , 3484336 ,  1514078 , 63 ,  1411342 , 154 ,  1398693 , 334 , 2204009 ,  1638246 ,  1594992 ,  1587021 ,  1512098 ,  1461033 ,  1457158 ,  1742179 ,  1223274 , 46 ,  1191254 , 65 ,  1185301 , 250
60 , 3261866 ,  1401420 , 62 ,  1303086 , 147 ,  1291515 , 303 , 2057243 ,  1510654 ,  1470234 ,  1463125 ,  1403698 ,  1355840 ,  1352592 ,  1630944 ,  1128750 , 43 ,  1098195 , 59 ,  1092849 , 211
61 , 3356716 ,  1458471 , 61 ,  1359528 , 148 ,  1347798 , 311 , 2124548 ,  1581137 ,  1539688 ,  1532205 ,  1453309 ,  1405200 ,  1401794 ,  1678369 ,  1181390 , 45 ,  1150088 , 62 ,  1145048 , 228
62 , 3250834 ,  1427243 , 61 ,  1332312 , 147 ,  1321886 , 314 , 2053160 ,  1537980 ,  1496981 ,  1492145 ,  1414769 ,  1368312 ,  1365381 ,  1625428 ,  1148365 , 45 ,  1118118 , 61 ,  1114026 , 216
63 , 3132770 ,  1404336 , 60 ,  1322901 , 145 ,  1313739 , 297 , 1975659 ,  1529998 ,  1494582 ,  1490412 ,  1373683 ,  1330880 ,  1328232 ,  1566396 ,  1142506 , 46 ,  1116917 , 61 ,  1112659 , 201
64 , 3221998 ,  1460741 , 61 ,  1376289 , 148 ,  1367839 , 294 , 2038169 ,  1603419 ,  1568746 ,  1564843 ,  1424754 ,  1380128 ,  1377208 ,  1611010 ,  1197644 , 47 ,  1171674 , 70 ,  1168324 , 209
65 , 3343436 ,  1517774 , 65 ,  1428073 , 158 ,  1419374 , 312 , 2118648 ,  1643800 ,  1612380 ,  1606908 ,  1486101 ,  1439201 ,  1436409 ,  1671729 ,  1228233 , 48 ,  1204862 , 63 ,  1200397 , 213
66 , 3179228 ,  1433118 , 61 ,  1353000 , 157 ,  1344605 , 314 , 2012070 ,  1570964 ,  1536039 ,  1531280 ,  1398508 ,  1354239 ,  1351840 ,  1589625 ,  1173143 , 46 ,  1147771 , 62 ,  1144017 , 198
67 , 3308678 ,  1511282 , 64 ,  1428003 , 154 ,  1419682 , 333 , 2092207 ,  1656398 ,  1620626 ,  1616176 ,  1470749 ,  1424814 ,  1422541 ,  1654350 ,  1236952 , 47 ,  1211058 , 63 ,  1207273 , 217
68 , 3530078 ,  1572014 , 67 ,  1464318 , 160 ,  1452389 , 326 , 2238592 ,  1694291 ,  1652926 ,  1643728 ,  1548097 ,  1498242 ,  1494273 ,  1765050 ,  1265094 , 49 ,  1234697 , 68 ,  1228367 , 227
69 , 3535044 ,  1603312 , 68 ,  1505587 , 166 ,  1496080 , 316 , 2246411 ,  1753528 ,  1714450 ,  1709265 ,  1570701 ,  1519204 ,  1515655 ,  1767533 ,  1309178 , 52 ,  1280618 , 71 ,  1276393 , 212
70 , 3965114 ,  1760341 , 77 ,  1645298 , 187 ,  1634059 , 368 , 2530655 ,  1915848 ,  1873512 ,  1865232 ,  1750325 ,  1692405 ,  1687333 ,  1982568 ,  1431089 , 59 ,  1399785 , 74 ,  1393209 , 239
71 , 4476722 ,  1995886 , 90 ,  1866133 , 209 ,  1854203 , 423 , 2860398 ,  2158323 ,  2111115 ,  2102359 ,  1995975 ,  1930918 ,  1925536 ,  2238372 ,  1612817 , 63 ,  1577123 , 89 ,  1570639 , 289
72 , 4130598 ,  1859966 , 85 ,  1743223 , 195 ,  1732858 , 388 , 2622380 ,  2033764 ,  1989593 ,  1983766 ,  1830786 ,  1771465 ,  1767714 ,  2065310 ,  1518808 , 59 ,  1486347 , 78 ,  1482170 , 258
73 , 4103558 ,  1853205 , 78 ,  1735805 , 188 ,  1725199 , 377 , 2606914 ,  2021306 ,  1978278 ,  1972110 ,  1832520 ,  1772784 ,  1769100 ,  2051790 ,  1510223 , 59 ,  1477692 , 77 ,  1472960 , 253
74 , 4723572 ,  2099301 , 91 ,  1953111 , 217 ,  1940209 , 496 , 3001148 ,  2280953 ,  2230163 ,  2221455 ,  2086272 ,  2019359 ,  2013009 ,  2361797 ,  1703736 , 67 ,  1665531 , 94 ,  1659857 , 355
75 , 4417066 ,  1985443 , 86 ,  1848637 , 208 ,  1836631 , 477 , 2800380 ,  2161040 ,  2112109 ,  2105490 ,  1956801 ,  1892916 ,  1886983 ,  2208544 ,  1614242 , 65 ,  1578715 , 89 ,  1572537 , 362
76 , 4959906 ,  2268389 , 98 ,  2113161 , 239 ,  2100276 , 598 , 3146042 ,  2468750 ,  2419126 ,  2410534 ,  2211373 ,  2142602 ,  2137153 ,  2479964 ,  1844550 , 83 ,  1807895 , 105 ,  1801459 , 455
77 , 5045408 ,  2304755 , 116 ,  2148218 , 243 ,  2135868 , 612 , 3197983 ,  2513013 ,  2463526 ,  2454925 ,  2254024 ,  2184918 ,  2178968 ,  2522715 ,  1877577 , 77 ,  1840308 , 113 ,  1834525 , 515
78 , 4435354 ,  2028238 , 100 ,  1893037 , 206 ,  1882077 , 504 , 2810803 ,  2218104 ,  2172417 ,  2166097 ,  1976477 ,  1913076 ,  1908412 ,  2217688 ,  1657096 , 65 ,  1622956 , 90 ,  1617668 , 370
79 , 5249668 ,  2381311 , 103 ,  2216629 , 245 ,  2202300 , 630 , 3332600 ,  2599096 ,  2545433 ,  2534419 ,  2346363 ,  2275498 ,  2269420 ,  2624845 ,  1941935 , 78 ,  1901983 , 107 ,  1893957 , 494
80 , 5602176 ,  2487984 , 105 ,  2306142 , 265 ,  2289435 , 692 , 3558388 ,  2713948 ,  2653913 ,  2639148 ,  2485670 ,  2410287 ,  2402765 ,  2801099 ,  2027342 , 79 ,  1982980 , 113 ,  1972675 , 527
81 , 5084482 ,  2311073 , 99 ,  2155413 , 240 ,  2141678 , 600 , 3228381 ,  2530173 ,  2478316 ,  2467423 ,  2266497 ,  2197997 ,  2190826 ,  2542252 ,  1889476 , 75 ,  1851698 , 103 ,  1843475 , 473
82 , 3995708 ,  1847312 , 77 ,  1736029 , 190 ,  1726799 , 410 , 2532151 ,  2044919 ,  2007501 ,  2001767 ,  1800405 ,  1746107 ,  1742928 ,  1997865 ,  1528179 , 60 ,  1499897 , 79 ,  1495451 , 296
83 , 4482736 ,  2028830 , 86 ,  1888957 , 205 ,  1877350 , 483 , 2846301 ,  2222874 ,  2176136 ,  2166703 ,  2001088 ,  1940568 ,  1934795 ,  2241379 ,  1659450 , 67 ,  1625418 , 88 ,  1618363 , 362
84 , 4363370 ,  1964381 , 82 ,  1826088 , 200 ,  1814914 , 456 , 2768765 ,  2124494 ,  2079619 ,  2069597 ,  1949337 ,  1888778 ,  1883555 ,  2181696 ,  1587023 , 62 ,  1552823 , 84 ,  1545905 , 332
85 , 4434466 ,  1973675 , 90 ,  1825225 , 202 ,  1813729 , 461 , 2814645 ,  2133196 ,  2082494 ,  2073437 ,  1966895 ,  1905302 ,  1899233 ,  2217244 ,  1593605 , 62 ,  1556144 , 94 ,  1549231 , 345
86 , 3972390 ,  1824833 , 76 ,  1713319 , 185 ,  1704497 , 417 , 2511106 ,  2005991 ,  1968001 ,  1961545 ,  1789506 ,  1735994 ,  1732622 ,  1986206 ,  1498689 , 58 ,  1470803 , 77 ,  1466117 , 301
87 , 4245026 ,  1895579 , 80 ,  1760930 , 195 ,  1749211 , 446 , 2678255 ,  2060357 ,  2015616 ,  2005709 ,  1879987 ,  1822875 ,  1817634 ,  2122525 ,  1538727 , 59 ,  1505988 , 80 ,  1498220 , 326
88 , 4064502 ,  1862766 , 78 ,  1742746 , 187 ,  1733125 , 433 , 2564964 ,  2026869 ,  1984910 ,  1978482 ,  1822098 ,  1767964 ,  1764256 ,  2032263 ,  1513588 , 59 ,  1483044 , 81 ,  1477420 , 326
89 , 4249854 ,  1904929 , 82 ,  1774979 , 192 ,  1763443 , 462 , 2674447 ,  2074460 ,  2027964 ,  2019514 ,  1885625 ,  1829013 ,  1824393 ,  2124939 ,  1548580 , 60 ,  1515210 , 81 ,  1508001 , 345
90 , 4154772 ,  1897429 , 80 ,  1775027 , 196 ,  1764896 , 461 , 2616318 ,  2072314 ,  2028600 ,  2021364 ,  1848979 ,  1793582 ,  1789166 ,  2077398 ,  1547108 , 60 ,  1516116 , 81 ,  1509612 , 341
91 , 4140564 ,  1910422 , 83 ,  1790486 , 193 ,  1781204 , 482 , 2604194 ,  2075901 ,  2033934 ,  2026210 ,  1848449 ,  1792864 ,  1789143 ,  2070294 ,  1549589 , 60 ,  1519652 , 80 ,  1514120 , 329
92 , 4006596 ,  1827887 , 78 ,  1711026 , 184 ,  1701419 , 416 , 2522305 ,  1997855 ,  1960632 ,  1952475 ,  1789580 ,  1735562 ,  1732008 ,  2003310 ,  1492325 , 57 ,  1464078 , 77 ,  1458518 , 304
93 , 4139886 ,  1907444 , 80 ,  1789924 , 193 ,  1780113 , 466 , 2600054 ,  2068616 ,  2027296 ,  2018614 ,  1855751 ,  1801395 ,  1797516 ,  2069955 ,  1544578 , 59 ,  1514505 , 82 ,  1508261 , 329
94 , 4135054 ,  1884128 , 79 ,  1760625 , 188 ,  1750601 , 445 , 2597261 ,  2049310 ,  2008341 ,  2001205 ,  1832127 ,  1776481 ,  1772539 ,  2067539 ,  1530651 , 59 ,  1500584 , 79 ,  1494478 , 321
95 , 3314162 ,  1553354 , 64 ,  1470772 , 156 ,  1463618 , 309 , 2078755 ,  1725481 ,  1698386 ,  1693798 ,  1486003 ,  1442060 ,  1439659 ,  1657093 ,  1288114 , 49 ,  1268865 , 65 ,  1265512 , 207
96 , 2951268 ,  1361922 , 56 ,  1297284 , 137 ,  1290749 , 237 , 1841504 ,  1520087 ,  1499221 ,  1494334 ,  1311703 ,  1272689 ,  1271105 ,  1475646 ,  1134681 , 43 ,  1120191 , 54 ,  1117233 , 142
97 , 3855028 ,  1758452 , 73 ,  1651468 , 176 ,  1642380 , 393 , 2416592 ,  1901969 ,  1860029 ,  1852854 ,  1711839 ,  1659959 ,  1656381 ,  1927526 ,  1420603 , 54 ,  1389709 , 71 ,  1384190 , 266
98 , 4012750 ,  1833692 , 76 ,  1717756 , 186 ,  1708692 , 413 , 2524189 ,  1980571 ,  1937726 ,  1930760 ,  1771088 ,  1717219 ,  1711825 ,  2006387 ,  1479609 , 57 ,  1447748 , 74 ,  1442232 , 282
99 , 4081482 ,  1851226 , 78 ,  1732960 , 185 ,  1722908 , 423 , 2564097 ,  2030434 ,  1988638 ,  1980977 ,  1804629 ,  1748849 ,  1743137 ,  2040753 ,  1516284 , 58 ,  1486050 , 76 ,  1480043 , 312
100 , 4500422 ,  2044068 , 86 ,  1908479 , 208 ,  1896946 , 506 , 2827030 ,  2197563 ,  2149534 ,  2138837 ,  1984409 ,  1923272 ,  1918264 ,  2250223 ,  1641925 , 63 ,  1605780 , 84 ,  1597882 , 359
101 , 4512994 ,  2051813 , 87 ,  1919630 , 214 ,  1908742 , 495 , 2840115 ,  2197974 ,  2147527 ,  2136814 ,  2010002 ,  1949429 ,  1944863 ,  2256509 ,  1642410 , 63 ,  1604005 , 85 ,  1596430 , 349
102 , 4011162 ,  1840370 , 78 ,  1722424 , 191 ,  1713327 , 414 , 2517631 ,  1982280 ,  1939722 ,  1931701 ,  1777882 ,  1723905 ,  1719911 ,  2005593 ,  1480682 , 58 ,  1449059 , 76 ,  1443442 , 278
103 , 4255062 ,  1944354 , 81 ,  1822298 , 197 ,  1812427 , 455 , 2670614 ,  2095156 ,  2050336 ,  2041662 ,  1894457 ,  1837215 ,  1832567 ,  2127543 ,  1564944 , 60 ,  1532038 , 79 ,  1525756 , 311
104 , 4219602 ,  1934027 , 85 ,  1812714 , 195 ,  1803229 , 447 , 2648060 ,  2072792 ,  2029709 ,  2021731 ,  1857711 ,  1800016 ,  1795522 ,  2109813 ,  1548778 , 60 ,  1516445 , 78 ,  1510099 , 305
105 , 4108606 ,  1846707 , 79 ,  1722622 , 187 ,  1713148 , 412 , 2574655 ,  1959718 ,  1909038 ,  1900307 ,  1786292 ,  1729413 ,  1725084 ,  2054315 ,  1464127 , 56 ,  1426188 , 73 ,  1419870 , 268
106 , 4836898 ,  2125670 , 94 ,  1953368 , 215 ,  1939094 , 523 , 3040385 ,  2220861 ,  2155030 ,  2139954 ,  2084933 ,  2018679 ,  2010198 ,  2418461 ,  1658914 , 64 ,  1609936 , 89 ,  1598545 , 370
107 , 4594496 ,  2029021 , 88 ,  1881939 , 209 ,  1868859 , 502 , 2882508 ,  2147277 ,  2090214 ,  2077550 ,  1999357 ,  1937571 ,  1931264 ,  2297260 ,  1604092 , 63 ,  1561075 , 84 ,  1551766 , 354
108 , 3814860 ,  1726042 , 74 ,  1606134 , 171 ,  1596353 , 376 , 2393283 ,  1844296 ,  1800069 ,  1791073 ,  1681921 ,  1630969 ,  1626844 ,  1907442 ,  1376980 , 52 ,  1344580 , 69 ,  1337794 , 251
109 , 4045546 ,  1778089 , 78 ,  1642768 , 185 ,  1630746 , 410 , 2540276 ,  1898267 ,  1848202 ,  1836451 ,  1785158 ,  1729698 ,  1725422 ,  2022785 ,  1417789 , 57 ,  1379952 , 76 ,  1371824 , 296
110 , 4488768 ,  1968942 , 86 ,  1818845 , 206 ,  1804419 , 473 , 2819370 ,  2034134 ,  1969417 ,  1953155 ,  1945112 ,  1883889 ,  1877472 ,  2244396 ,  1519408 , 58 ,  1471375 , 79 ,  1459249 , 338
111 , 4425692 ,  1932153 , 82 ,  1788728 , 193 ,  1775534 , 461 , 2776539 ,  2050086 ,  1992674 ,  1979246 ,  1932105 ,  1872242 ,  1866294 ,  2212858 ,  1530589 , 58 ,  1488395 , 80 ,  1478902 , 329
112 , 4498554 ,  1969994 , 87 ,  1819833 , 197 ,  1806997 , 471 , 2819215 ,  2068302 ,  2006950 ,  1995839 ,  1945614 ,  1883876 ,  1878014 ,  2249289 ,  1545491 , 60 ,  1499590 , 81 ,  1490076 , 335
113 , 3980666 ,  1769249 , 79 ,  1646894 , 180 ,  1636726 , 398 , 2489429 ,  1894530 ,  1849498 ,  1841519 ,  1733838 ,  1679681 ,  1675785 ,  1990345 ,  1415666 , 54 ,  1382191 , 73 ,  1375736 , 263
114 , 4044320 ,  1800760 , 77 ,  1673729 , 183 ,  1664145 , 396 , 2530816 ,  1907972 ,  1858354 ,  1849981 ,  1756079 ,  1700539 ,  1695705 ,  2022172 ,  1425125 , 55 ,  1387865 , 72 ,  1381912 , 263
115 , 4085856 ,  1818745 , 76 ,  1698414 , 182 ,  1688587 , 403 , 2557175 ,  1928430 ,  1881639 ,  1873891 ,  1777828 ,  1723291 ,  1718982 ,  2042940 ,  1441371 , 55 ,  1405847 , 73 ,  1399670 , 263
116 , 4162756 ,  1819618 , 79 ,  1693007 , 185 ,  1683097 , 394 , 2627689 ,  1941983 ,  1890093 ,  1882446 ,  1792708 ,  1734080 ,  1729707 ,  2081390 ,  1450628 , 55 ,  1412268 , 73 ,  1405811 , 260
117 , 4425008 ,  1854998 , 80 ,  1708019 , 191 ,  1695017 , 401 , 2814814 ,  1951871 ,  1899053 ,  1887974 ,  1865040 ,  1800908 ,  1795124 ,  2212516 ,  1458187 , 59 ,  1419142 , 78 ,  1409584 , 281
118 , 5152022 ,  2044383 , 94 ,  1839552 , 208 ,  1818324 , 479 , 3216173 ,  2142220 ,  2063583 ,  2041274 ,  2131421 ,  2055325 ,  2045644 ,  2576023 ,  1600146 , 61 ,  1541204 , 85 ,  1525489 , 394
119 , 4626682 ,  1880821 , 81 ,  1706783 , 189 ,  1692005 , 436 , 2857901 ,  1976101 ,  1909645 ,  1894247 ,  1899216 ,  1831375 ,  1822954 ,  2313353 ,  1476437 , 57 ,  1425829 , 76 ,  1415137 , 345
120 , 4029744 ,  1663886 , 71 ,  1519663 , 168 ,  1506189 , 370 , 2515545 ,  1786089 ,  1736724 ,  1725051 ,  1684569 ,  1624411 ,  1618943 ,  2014884 ,  1334501 , 51 ,  1297040 , 71 ,  1287794 , 288
121 , 3836382 ,  1614032 , 71 ,  1477618 , 163 ,  1465695 , 365 , 2411822 ,  1723326 ,  1672003 ,  1659982 ,  1633334 ,  1575893 ,  1570525 ,  1918203 ,  1286997 , 50 ,  1248296 , 68 ,  1239602 , 274
122 , 3619070 ,  1539657 , 68 ,  1416790 , 157 ,  1406797 , 334 , 2276213 ,  1658137 ,  1611856 ,  1603153 ,  1535157 ,  1482452 ,  1477790 ,  1809547 ,  1239409 , 47 ,  1204636 , 64 ,  1197907 , 239
123 , 3430000 ,  1524389 , 64 ,  1420755 , 155 ,  1412022 , 327 , 2158463 ,  1657541 ,  1618054 ,  1610614 ,  1491138 ,  1442233 ,  1438835 ,  1715012 ,  1238185 , 48 ,  1208394 , 65 ,  1203214 , 227
124 , 3369640 ,  1488564 , 62 ,  1380339 , 147 ,  1372220 , 302 , 2122005 ,  1609796 ,  1564933 ,  1558606 ,  1457001 ,  1408323 ,  1405010 ,  1684832 ,  1201930 , 46 ,  1169632 , 62 ,  1164563 , 205
125 , 3340982 ,  1503022 , 63 ,  1404696 , 149 ,  1397070 , 305 , 2101737 ,  1636090 ,  1598397 ,  1592126 ,  1465862 ,  1420195 ,  1417145 ,  1670503 ,  1221137 , 46 ,  1194076 , 61 ,  1189618 , 209
126 , 3789720 ,  1682163 , 71 ,  1562748 , 168 ,  1552189 , 379 , 2387445 ,  1771432 ,  1717567 ,  1707420 ,  1649471 ,  1596867 ,  1591936 ,  1894872 ,  1323526 , 50 ,  1283166 , 67 ,  1275541 , 265
127 , 3502910 ,  1602517 , 69 ,  1507064 , 161 ,  1498794 , 349 , 2206261 ,  1729999 ,  1691303 ,  1685534 ,  1549849 ,  1501946 ,  1498979 ,  1751467 ,  1292463 , 50 ,  1263951 , 65 ,  1259012 , 238
128 , 3652710 ,  1651758 , 77 ,  1554485 , 177 ,  1545810 , 370 , 2303347 ,  1792270 ,  1751822 ,  1745266 ,  1619538 ,  1570590 ,  1567702 ,  1826367 ,  1338973 , 51 ,  1308315 , 69 ,  1303561 , 255
129 , 3640846 ,  1654927 , 69 ,  1557251 , 169 ,  1548472 , 361 , 2298981 ,  1786065 ,  1747564 ,  1739471 ,  1610289 ,  1561136 ,  1557639 ,  1820435 ,  1334411 , 51 ,  1304953 , 67 ,  1298988 , 259
130 , 3860470 ,  1735564 , 73 ,  1622724 , 178 ,  1612692 , 384 , 2434881 ,  1852503 ,  1804138 ,  1795560 ,  1698566 ,  1646097 ,  1642401 ,  1930247 ,  1383106 , 52 ,  1347881 , 70 ,  1340685 , 273
131 , 3625844 ,  1628785 , 68 ,  1523147 , 165 ,  1514537 , 344 , 2287872 ,  1757940 ,  1714134 ,  1707511 ,  1604415 ,  1554639 ,  1551434 ,  1812934 ,  1313931 , 52 ,  1280746 , 66 ,  1275186 , 244
132 , 3291570 ,  1499048 , 68 ,  1417203 , 154 ,  1410641 , 305 , 2069229 ,  1640308 ,  1611653 ,  1607003 ,  1458204 ,  1414509 ,  1412362 ,  1645797 ,  1225369 , 48 ,  1203669 , 64 ,  1200403 , 211
133 , 3468666 ,  1594905 , 72 ,  1505901 , 169 ,  1498918 , 333 , 2175682 ,  1722001 ,  1687545 ,  1681208 ,  1536579 ,  1490671 ,  1487974 ,  1734345 ,  1286703 , 50 ,  1260226 , 69 ,  1255831 , 241
134 , 3208742 ,  1482789 , 63 ,  1406086 , 153 ,  1399735 , 281 , 2015613 ,  1644348 ,  1617228 ,  1614080 ,  1438027 ,  1394621 ,  1392805 ,  1604383 ,  1227598 , 48 ,  1207750 , 59 ,  1205120 , 202
135 , 3438228 ,  1589198 , 66 ,  1501150 , 159 ,  1493968 , 313 , 2162364 ,  1727958 ,  1690988 ,  1686415 ,  1542017 ,  1496108 ,  1493907 ,  1719126 ,  1290402 , 49 ,  1263287 , 63 ,  1259663 , 218
136 , 3319620 ,  1521638 , 64 ,  1436812 , 152 ,  1429022 , 289 , 2071677 ,  1673389 ,  1642401 ,  1638330 ,  1469231 ,  1424676 ,  1422935 ,  1659822 ,  1250166 , 48 ,  1226585 , 61 ,  1223440 , 214
137 , 3171234 ,  1453188 , 60 ,  1375921 , 145 ,  1369261 , 266 , 1982682 ,  1600443 ,  1571779 ,  1568263 ,  1405990 ,  1365185 ,  1363657 ,  1585629 ,  1195122 , 47 ,  1173986 , 61 ,  1171560 , 190
138 , 3185632 ,  1464852 , 61 ,  1385328 , 148 ,  1378715 , 273 , 1999832 ,  1625325 ,  1597246 ,  1594117 ,  1424072 ,  1382275 ,  1380869 ,  1592828 ,  1213887 , 46 ,  1192981 , 61 ,  1190472 , 192
139 , 3133936 ,  1443103 , 60 ,  1370041 , 143 ,  1363692 , 260 , 1968098 ,  1599332 ,  1571824 ,  1569308 ,  1396808 ,  1356799 ,  1355367 ,  1566980 ,  1194550 , 45 ,  1174147 , 57 ,  1172189 , 177
140 , 3107770 ,  1443046 , 61 ,  1371180 , 141 ,  1364919 , 244 , 1953542 ,  1608245 ,  1584970 ,  1580645 ,  1390593 ,  1351097 ,  1349873 ,  1553897 ,  1201429 , 45 ,  1183291 , 57 ,  1181266 , 171
141 , 3258526 ,  1522539 , 64 ,  1446289 , 150 ,  1439881 , 266 , 2050274 ,  1695488 ,  1670050 ,  1667774 ,  1465573 ,  1424971 ,  1423639 ,  1629275 ,  1266184 , 48 ,  1247733 , 59 ,  1245354 , 180
142 , 3216408 ,  1500344 , 62 ,  1425588 , 149 ,  1419102 , 251 , 2025126 ,  1669115 ,  1646054 ,  1642425 ,  1446237 ,  1405825 ,  1404611 ,  1608216 ,  1247285 , 48 ,  1229023 , 59 ,  1226622 , 170
143 , 3246722 ,  1518038 , 62 ,  1441882 , 150 ,  1435607 , 256 , 2042863 ,  1686315 ,  1662125 ,  1658193 ,  1462364 ,  1421421 ,  1420153 ,  1623373 ,  1259819 , 47 ,  1241252 , 59 ,  1238836 , 174
144 , 3194994 ,  1501280 , 62 ,  1429694 , 149 ,  1423303 , 242 , 2009496 ,  1678439 ,  1655611 ,  1652449 ,  1438949 ,  1399929 ,  1398775 ,  1597509 ,  1253243 , 47 ,  1236085 , 58 ,  1234018 , 165
145 , 3277406 ,  1467597 , 64 ,  1390328 , 147 ,  1383294 , 260 , 2041348 ,  1626786 ,  1603130 ,  1599494 ,  1426900 ,  1387278 ,  1385802 ,  1638715 ,  1215146 , 46 ,  1197341 , 57 ,  1194305 , 179
146 , 3074096 ,  1432493 , 64 ,  1363595 , 147 ,  1357816 , 257 , 1905190 ,  1600183 ,  1578172 ,  1573750 ,  1366406 ,  1329131 ,  1327739 ,  1537060 ,  1195453 , 47 ,  1178614 , 56 ,  1176255 , 182
147 , 3080152 ,  1429697 , 60 ,  1359830 , 140 ,  1353931 , 241 , 1912932 ,  1593086 ,  1569682 ,  1566395 ,  1365061 ,  1327244 ,  1325656 ,  1540088 ,  1189516 , 45 ,  1172610 , 57 ,  1169878 , 171
148 , 3006804 ,  1408454 , 58 ,  1339574 , 139 ,  1334130 , 285 , 1867288 ,  1573023 ,  1549392 ,  1546304 ,  1336084 ,  1299684 ,  1298278 ,  1503414 ,  1173968 , 44 ,  1157594 , 55 ,  1155104 , 162
149 , 3004152 ,  1401695 , 58 ,  1332589 , 137 ,  1326842 , 234 , 1868248 ,  1565356 ,  1542883 ,  1540012 ,  1342222 ,  1303503 ,  1301912 ,  1502088 ,  1169356 , 44 ,  1152928 , 54 ,  1150572 , 161
150 , 2975740 ,  1389414 , 57 ,  1320804 , 136 ,  1315058 , 222 , 1854568 ,  1551299 ,  1527962 ,  1525395 ,  1332152 ,  1294670 ,  1293221 ,  1487882 ,  1157770 , 44 ,  1141807 , 54 ,  1139256 , 149
151 , 2950974 ,  1383321 , 57 ,  1314904 , 137 ,  1309209 , 226 , 1835479 ,  1543671 ,  1522918 ,  1518468 ,  1321723 ,  1284488 ,  1283005 ,  1475499 ,  1153063 , 44 ,  1137139 , 53 ,  1134634 , 152
152 , 3105978 ,  1426723 , 59 ,  1354507 , 141 ,  1348215 , 230 , 1936488 ,  1589572 ,  1566219 ,  1563826 ,  1376883 ,  1339337 ,  1337802 ,  1553001 ,  1186928 , 45 ,  1170326 , 56 ,  1167630 , 154
153 , 3150408 ,  1450178 , 60 ,  1376130 , 147 ,  1369886 , 239 , 1965231 ,  1614685 ,  1592698 ,  1588530 ,  1393457 ,  1354586 ,  1353014 ,  1575216 ,  1206367 , 45 ,  1189319 , 56 ,  1186503 , 158
154 , 3169100 ,  1452950 , 60 ,  1380175 , 143 ,  1373524 , 234 , 1975353 ,  1616730 ,  1594712 ,  1591006 ,  1397609 ,  1358869 ,  1357316 ,  1584562 ,  1208312 , 47 ,  1191130 , 57 ,  1188371 , 158
155 , 3334544 ,  1495126 , 61 ,  1415387 , 147 ,  1408053 , 243 , 2079003 ,  1657916 ,  1633830 ,  1629004 ,  1459976 ,  1419295 ,  1417622 ,  1667284 ,  1238986 , 46 ,  1220116 , 58 ,  1216598 , 158
156 , 3567104 ,  1560543 , 65 ,  1469205 , 155 ,  1460936 , 250 , 2229097 ,  1719814 ,  1693018 ,  1688495 ,  1538288 ,  1496688 ,  1494699 ,  1783564 ,  1284360 , 48 ,  1264906 , 61 ,  1260966 , 160
157 , 3486624 ,  1532971 , 68 ,  1445663 , 157 ,  1437588 , 256 , 2180781 ,  1691031 ,  1666972 ,  1660454 ,  1504741 ,  1463190 ,  1461443 ,  1743324 ,  1263387 , 47 ,  1244450 , 60 ,  1240532 , 158
158 , 3183534 ,  1466286 , 60 ,  1389361 , 145 ,  1382448 , 238 , 1991941 ,  1630614 ,  1606855 ,  1601684 ,  1413400 ,  1374392 ,  1372783 ,  1591779 ,  1218284 , 46 ,  1199921 , 57 ,  1196542 , 157
159 , 3231712 ,  1483084 , 62 ,  1402135 , 146 ,  1394960 , 245 , 2022181 ,  1643208 ,  1617962 ,  1612917 ,  1431533 ,  1391063 ,  1389471 ,  1615868 ,  1227159 , 46 ,  1208138 , 58 ,  1204643 , 157
160 , 3165654 ,  1459513 , 61 ,  1380392 , 149 ,  1373320 , 246 , 1976309 ,  1619034 ,  1595040 ,  1589484 ,  1401215 ,  1362067 ,  1360463 ,  1582839 ,  1209669 , 47 ,  1190800 , 58 ,  1187321 , 165
161 , 3023658 ,  1430956 , 64 ,  1357203 , 141 ,  1350874 , 237 , 1891379 ,  1596070 ,  1571978 ,  1567293 ,  1366376 ,  1327278 ,  1325783 ,  1511841 ,  1192414 , 49 ,  1173875 , 60 ,  1170390 , 159
162 , 3028770 ,  1441804 , 60 ,  1368257 , 144 ,  1361673 , 247 , 1895146 ,  1610011 ,  1585485 ,  1580308 ,  1373549 ,  1334728 ,  1333098 ,  1514397 ,  1202526 , 46 ,  1183890 , 56 ,  1179995 , 160
163 , 3046390 ,  1445708 , 60 ,  1371936 , 143 ,  1365260 , 245 , 1905057 ,  1614690 ,  1589590 ,  1583953 ,  1381508 ,  1342956 ,  1341366 ,  1523207 ,  1205545 , 46 ,  1187024 , 64 ,  1182901 , 162
164 , 3061188 ,  1447407 , 61 ,  1374027 , 147 ,  1367206 , 241 , 1910569 ,  1613682 ,  1588942 ,  1583352 ,  1381872 ,  1342797 ,  1341272 ,  1530606 ,  1204960 , 46 ,  1187526 , 59 ,  1182933 , 164
165 , 3132414 ,  1452125 , 60 ,  1373378 , 142 ,  1365753 , 253 , 1952430 ,  1608876 ,  1584125 ,  1577908 ,  1398077 ,  1358802 ,  1357219 ,  1566219 ,  1201829 , 46 ,  1183754 , 57 ,  1178403 , 159
166 , 3279218 ,  1500382 , 61 ,  1417698 , 149 ,  1410315 , 270 , 2030778 ,  1660930 ,  1636171 ,  1629469 ,  1442657 ,  1401202 ,  1399349 ,  1639621 ,  1241223 , 47 ,  1222390 , 60 ,  1217207 , 176
167 , 3308532 ,  1538170 , 66 ,  1456001 , 151 ,  1449346 , 270 , 2055570 ,  1702863 ,  1678848 ,  1672110 ,  1471132 ,  1429112 ,  1427210 ,  1654278 ,  1272826 , 51 ,  1253823 , 60 ,  1249024 , 178
168 , 3235714 ,  1519658 , 62 ,  1438921 , 152 ,  1431756 , 265 , 2012841 ,  1688718 ,  1663261 ,  1657568 ,  1448926 ,  1406753 ,  1404983 ,  1617869 ,  1261472 , 47 ,  1242571 , 59 ,  1237822 , 176
169 , 3230528 ,  1514375 , 62 ,  1434556 , 148 ,  1426925 , 263 , 2010844 ,  1683828 ,  1658094 ,  1652170 ,  1448320 ,  1407630 ,  1405975 ,  1615276 ,  1257435 , 48 ,  1238858 , 60 ,  1234124 , 168
170 , 3152054 ,  1491905 , 61 ,  1416035 , 148 ,  1408589 , 263 , 1961662 ,  1663988 ,  1638555 ,  1632234 ,  1421640 ,  1381852 ,  1380188 ,  1576039 ,  1242373 , 47 ,  1223971 , 59 ,  1218779 , 176
171 , 3093778 ,  1463425 , 60 ,  1385718 , 143 ,  1377873 , 258 , 1929305 ,  1627236 ,  1599987 ,  1592311 ,  1398464 ,  1359625 ,  1358116 ,  1546901 ,  1215337 , 47 ,  1195393 , 57 ,  1189590 , 166
172 , 3162564 ,  1492412 , 61 ,  1411885 , 146 ,  1404104 , 270 , 1974442 ,  1656115 ,  1628597 ,  1620660 ,  1422871 ,  1382647 ,  1381039 ,  1581294 ,  1237195 , 49 ,  1216617 , 61 ,  1210523 , 185
173 , 3078874 ,  1463965 , 62 ,  1385031 , 143 ,  1377526 , 264 , 1921995 ,  1629246 ,  1601082 ,  1593027 ,  1387569 ,  1347513 ,  1346033 ,  1539449 ,  1216442 , 48 ,  1196000 , 60 ,  1190039 , 172
174 , 3119780 ,  1485372 , 61 ,  1405452 , 146 ,  1397483 , 279 , 1949305 ,  1653508 ,  1624445 ,  1615963 ,  1406758 ,  1365757 ,  1364182 ,  1559902 ,  1234904 , 49 ,  1213377 , 60 ,  1207580 , 188
175 , 3212002 ,  1516652 , 63 ,  1434054 , 151 ,  1426484 , 281 , 2010037 ,  1686292 ,  1656542 ,  1649550 ,  1440761 ,  1398033 ,  1396076 ,  1606013 ,  1259546 , 49 ,  1237076 , 62 ,  1231645 , 188
176 , 3395360 ,  1597762 , 65 ,  1507567 , 156 ,  1499846 , 290 , 2121533 ,  1772615 ,  1742143 ,  1733199 ,  1519722 ,  1474342 ,  1472748 ,  1697692 ,  1324113 , 50 ,  1301166 , 63 ,  1295199 , 196
177 , 3291164 ,  1540610 , 64 ,  1453012 , 153 ,  1445359 , 294 , 2051017 ,  1709306 ,  1678072 ,  1669219 ,  1460958 ,  1417910 ,  1416320 ,  1645594 ,  1276603 , 49 ,  1253734 , 62 ,  1247219 , 204
178 , 3263902 ,  1537284 , 63 ,  1451296 , 149 ,  1443981 , 295 , 2031358 ,  1704265 ,  1675582 ,  1666899 ,  1462416 ,  1420615 ,  1418941 ,  1631963 ,  1273010 , 49 ,  1250963 , 61 ,  1244823 , 197
179 , 3232398 ,  1521287 , 64 ,  1433704 , 148 ,  1427066 , 302 , 2008965 ,  1688074 ,  1654318 ,  1648790 ,  1436820 ,  1394627 ,  1393048 ,  1616211 ,  1260678 , 48 ,  1236337 , 60 ,  1230758 , 200
180 , 3252578 ,  1525862 , 63 ,  1438914 , 151 ,  1432322 , 295 , 2023765 ,  1691635 ,  1660449 ,  1652964 ,  1445673 ,  1403070 ,  1401451 ,  1626301 ,  1263566 , 49 ,  1240075 , 62 ,  1234572 , 198
181 , 3360472 ,  1585653 , 64 ,  1495206 , 154 ,  1488491 , 300 , 2091889 ,  1756804 ,  1727778 ,  1718247 ,  1508275 ,  1465313 ,  1463669 ,  1680248 ,  1312177 , 49 ,  1289510 , 62 ,  1283498 , 200
182 , 3304354 ,  1559524 , 64 ,  1471446 , 151 ,  1464812 , 297 , 2056191 ,  1731202 ,  1700089 ,  1693003 ,  1482846 ,  1440426 ,  1438695 ,  1652189 ,  1293194 , 49 ,  1270076 , 65 ,  1264456 , 198
183 , 3295440 ,  1563634 , 64 ,  1475824 , 152 ,  1468580 , 301 , 2055896 ,  1736923 ,  1705329 ,  1698091 ,  1481077 ,  1438627 ,  1436946 ,  1647732 ,  1297407 , 49 ,  1273898 , 62 ,  1267882 , 198
184 , 3357938 ,  1597054 , 68 ,  1510197 , 155 ,  1503212 , 302 , 2096146 ,  1776280 ,  1746799 ,  1739246 ,  1516534 ,  1474117 ,  1472561 ,  1678981 ,  1326440 , 52 ,  1304791 , 62 ,  1298776 , 199
185 , 3363856 ,  1606171 , 67 ,  1520341 , 157 ,  1513729 , 300 , 2098034 ,  1786836 ,  1757591 ,  1750892 ,  1523464 ,  1482049 ,  1480430 ,  1681940 ,  1334928 , 53 ,  1312772 , 63 ,  1306911 , 198
186 , 3348456 ,  1594732 , 67 ,  1511100 , 157 ,  1504056 , 300 , 2087913 ,  1778130 ,  1747762 ,  1739388 ,  1514759 ,  1473292 ,  1471668 ,  1674240 ,  1328398 , 52 ,  1305380 , 64 ,  1299283 , 199
187 , 3336042 ,  1589725 , 64 ,  1504316 , 156 ,  1497113 , 300 , 2080202 ,  1771374 ,  1740395 ,  1732805 ,  1505234 ,  1462998 ,  1461374 ,  1668033 ,  1323348 , 50 ,  1300661 , 64 ,  1294244 , 205
188 , 3259340 ,  1553586 , 63 ,  1470257 , 154 ,  1463249 , 291 , 2034999 ,  1732294 ,  1702282 ,  1693793 ,  1466165 ,  1425114 ,  1423506 ,  1629682 ,  1293545 , 49 ,  1271206 , 61 ,  1265343 , 199
189 , 3222880 ,  1521322 , 65 ,  1440057 , 149 ,  1433198 , 295 , 2006284 ,  1694538 ,  1665576 ,  1657393 ,  1445891 ,  1405386 ,  1403797 ,  1611452 ,  1265603 , 48 ,  1244077 , 61 ,  1238345 , 197
190 , 3150378 ,  1489378 , 65 ,  1409404 , 151 ,  1402804 , 294 , 1962127 ,  1660402 ,  1629548 ,  1623798 ,  1409554 ,  1368289 ,  1366623 ,  1575201 ,  1240151 , 48 ,  1217391 , 59 ,  1212696 , 196
191 , 3159774 ,  1486973 , 61 ,  1405872 , 146 ,  1399351 , 287 , 1960108 ,  1653892 ,  1623475 ,  1617729 ,  1412233 ,  1371484 ,  1369841 ,  1579899 ,  1235433 , 47 ,  1212757 , 60 ,  1208385 , 196
192 , 3159650 ,  1496635 , 62 ,  1417679 , 146 ,  1411274 , 293 , 1960959 ,  1666520 ,  1636222 ,  1631536 ,  1418223 ,  1377993 ,  1376445 ,  1579837 ,  1244981 , 47 ,  1222284 , 59 ,  1218118 , 196
193 , 3096708 ,  1472727 , 62 ,  1395083 , 145 ,  1388406 , 286 , 1921907 ,  1641878 ,  1611870 ,  1607151 ,  1394188 ,  1354918 ,  1353397 ,  1548366 ,  1226511 , 48 ,  1204133 , 59 ,  1200545 , 190
194 , 3091112 ,  1470191 , 61 ,  1391537 , 143 ,  1384693 , 293 , 1918506 ,  1637614 ,  1606471 ,  1601475 ,  1389749 ,  1349315 ,  1347767 ,  1545568 ,  1223223 , 46 ,  1199350 , 58 ,  1196135 , 191
195 , 3103740 ,  1476050 , 62 ,  1395495 , 146 ,  1388396 , 287 , 1925633 ,  1643645 ,  1610154 ,  1607364 ,  1397599 ,  1355693 ,  1354145 ,  1551882 ,  1227237 , 47 ,  1202931 , 59 ,  1199545 , 188
196 , 3217780 ,  1525640 , 62 ,  1439560 , 147 ,  1432564 , 292 , 2001259 ,  1695183 ,  1661320 ,  1656185 ,  1444181 ,  1400765 ,  1399159 ,  1608902 ,  1266287 , 48 ,  1241529 , 60 ,  1237081 , 195
197 , 3217894 ,  1529104 , 62 ,  1443368 , 148 ,  1436610 , 293 , 2001544 ,  1701066 ,  1669361 ,  1663934 ,  1446222 ,  1402766 ,  1401217 ,  1608959 ,  1271198 , 48 ,  1246534 , 60 ,  1242276 , 196
198 , 3240874 ,  1533257 , 70 ,  1444840 , 149 ,  1437966 , 296 , 2013900 ,  1704592 ,  1671410 ,  1665948 ,  1450583 ,  1406864 ,  1405088 ,  1620449 ,  1273080 , 49 ,  1248111 , 60 ,  1243950 , 199
199 , 3277522 ,  1549981 , 63 ,  1460542 , 151 ,  1453851 , 292 , 2042120 ,  1724125 ,  1689475 ,  1683627 ,  1467402 ,  1422188 ,  1420453 ,  1638773 ,  1287298 , 48 ,  1261893 , 61 ,  1257841 , 199
200 , 3244590 ,  1532029 , 63 ,  1443316 , 149 ,  1436211 , 293 , 2018843 ,  1703220 ,  1668989 ,  1662887 ,  1452366 ,  1407161 ,  1405547 ,  1622307 ,  1272370 , 48 ,  1246542 , 61 ,  1242177 , 197
201 , 3310034 ,  1557614 , 65 ,  1464151 , 151 ,  1456495 , 295 , 2061719 ,  1726917 ,  1690012 ,  1682893 ,  1481085 ,  1434197 ,  1432513 ,  1655029 ,  1289909 , 50 ,  1262162 , 61 ,  1257525 , 200
202 , 3343102 ,  1582898 , 65 ,  1486980 , 155 ,  1479283 , 298 , 2080522 ,  1754003 ,  1717101 ,  1710980 ,  1494009 ,  1446840 ,  1445140 ,  1671563 ,  1310307 , 49 ,  1283185 , 63 ,  1278304 , 207
203 , 3339162 ,  1574563 , 70 ,  1479409 , 153 ,  1471855 , 300 , 2076014 ,  1746239 ,  1708112 ,  1701120 ,  1488203 ,  1442536 ,  1440780 ,  1669593 ,  1303633 , 49 ,  1276236 , 62 ,  1271241 , 214
204 , 3367004 ,  1586473 , 65 ,  1490015 , 153 ,  1482345 , 301 , 2092735 ,  1757151 ,  1720694 ,  1715333 ,  1496014 ,  1450528 ,  1448743 ,  1683514 ,  1312796 , 50 ,  1285776 , 62 ,  1280829 , 203
205 , 3365720 ,  1590999 , 65 ,  1496198 , 153 ,  1489002 , 300 , 2088579 ,  1764882 ,  1728147 ,  1721020 ,  1500404 ,  1456625 ,  1454939 ,  1682872 ,  1317904 , 50 ,  1290923 , 62 ,  1285867 , 200
206 , 3402856 ,  1617709 , 66 ,  1522642 , 156 ,  1515399 , 303 , 2115643 ,  1795352 ,  1761727 ,  1754570 ,  1524793 ,  1479797 ,  1478098 ,  1701440 ,  1341335 , 51 ,  1315578 , 63 ,  1310534 , 206
207 , 3365176 ,  1596538 , 65 ,  1502923 , 155 ,  1495721 , 301 , 2090895 ,  1772180 ,  1736248 ,  1730174 ,  1504568 ,  1460485 ,  1458798 ,  1682600 ,  1323857 , 50 ,  1297079 , 62 ,  1292200 , 203
208 , 3387034 ,  1605847 , 66 ,  1511136 , 155 ,  1504035 , 302 , 2104037 ,  1782681 ,  1745816 ,  1740286 ,  1514823 ,  1470085 ,  1468317 ,  1693529 ,  1331414 , 50 ,  1304195 , 63 ,  1299255 , 202
209 , 3425888 ,  1634946 , 66 ,  1539520 , 158 ,  1532418 , 303 , 2132102 ,  1817669 ,  1781492 ,  1775217 ,  1536762 ,  1491829 ,  1490136 ,  1712956 ,  1357578 , 51 ,  1330557 , 63 ,  1325849 , 203
210 , 3471616 ,  1653126 , 68 ,  1556750 , 159 ,  1549561 , 304 , 2161008 ,  1838535 ,  1802467 ,  1796772 ,  1554040 ,  1508689 ,  1507046 ,  1735820 ,  1373426 , 52 ,  1345799 , 65 ,  1341066 , 207
211 , 3460786 ,  1656350 , 67 ,  1560667 , 160 ,  1553210 , 307 , 2155213 ,  1843087 ,  1805428 ,  1799514 ,  1556208 ,  1510945 ,  1509436 ,  1730405 ,  1376434 , 52 ,  1348993 , 64 ,  1343972 , 209
212 , 3448294 ,  1634824 , 72 ,  1539818 , 169 ,  1532236 , 321 , 2145329 ,  1813743 ,  1778502 ,  1771010 ,  1546714 ,  1500151 ,  1498479 ,  1724159 ,  1355286 , 52 ,  1328750 , 64 ,  1323181 , 207
213 , 3462268 ,  1634259 , 67 ,  1536546 , 160 ,  1529122 , 318 , 2153740 ,  1812984 ,  1775550 ,  1769202 ,  1545999 ,  1497331 ,  1495489 ,  1731146 ,  1353986 , 56 ,  1326595 , 69 ,  1321011 , 219
214 , 3451396 ,  1624006 , 80 ,  1526262 , 159 ,  1518599 , 323 , 2140692 ,  1801720 ,  1764016 ,  1755951 ,  1535402 ,  1488448 ,  1486617 ,  1725710 ,  1345210 , 52 ,  1317707 , 67 ,  1312164 , 216
215 , 3558248 ,  1672456 , 69 ,  1570451 , 162 ,  1562309 , 332 , 2208188 ,  1852096 ,  1814223 ,  1805213 ,  1579857 ,  1531130 ,  1529142 ,  1779136 ,  1383139 , 53 ,  1355009 , 68 ,  1348856 , 225
216 , 3553270 ,  1673791 , 69 ,  1572387 , 170 ,  1564080 , 320 , 2201882 ,  1854639 ,  1817896 ,  1808390 ,  1581720 ,  1533976 ,  1531988 ,  1776647 ,  1385130 , 53 ,  1357358 , 75 ,  1351270 , 214
217 , 3553924 ,  1678409 , 84 ,  1577254 , 163 ,  1569262 , 329 , 2203207 ,  1859787 ,  1822714 ,  1815035 ,  1588624 ,  1541397 ,  1539539 ,  1776974 ,  1389415 , 54 ,  1361700 , 65 ,  1355751 , 212
218 , 3559848 ,  1689849 , 74 ,  1590076 , 178 ,  1582124 , 324 , 2204877 ,  1873985 ,  1834899 ,  1827732 ,  1594901 ,  1547304 ,  1545547 ,  1779936 ,  1399258 , 54 ,  1371229 , 66 ,  1365115 , 224
219 , 2283448 ,  1078740 , 48 ,  1013500 , 113 ,  1008250 , 208 , 1415890 ,  1195369 ,  1171231 ,  1165528 ,  1018004 ,  986967 ,  985732 ,  1141736 ,  892491 , 35 ,  874628 , 44 ,  870614 , 147
